Category,Total,Spent
Rent,1200.0,1200.0
Groceries,400.0,253.19000000000005
Entertainment,300.0,247.38
Transportation,200.0,241.13
Clothing,150.0,144.54000000000002
Miscellaneous,100.0,105.57
Personal care,100.0,82.87
Utilities,100.0,100.0
Restaurants,200.0,163.0
